{"cameraMode":{"drawMode":0,"name":"Shaded","section":"Shading Mode"},"sceneLighting":true,"audioPlay":false,"sceneViewState":{"showFog":false,"showMaterialUpdate":false,"showSkybox":true,"showFlares":false,"showImageEffects":false,"showParticleSystems":false},"in2DMode":false,"pivot":{"x":17.919750213623048,"y":1.0448338985443116,"z":1.3766789436340333},"rotation":{"x":0.22939877212047578,"y":-0.3549681007862091,"z":0.09029751271009445,"w":0.9017890095710754},"size":1.5974082946777344,"orthographic":false}