{"cameraMode":{"drawMode":0,"name":"Shaded","section":"Shading Mode"},"sceneLighting":false,"audioPlay":false,"sceneViewState":{"showFog":false,"showMaterialUpdate":false,"showSkybox":false,"showFlares":false,"showImageEffects":false,"showParticleSystems":false},"in2DMode":false,"pivot":{"x":15.763387680053711,"y":0.4384915828704834,"z":1.3383400440216065},"rotation":{"x":0.29484277963638308,"y":0.2797449827194214,"z":-0.09072121232748032,"w":0.9091669321060181},"size":1.5974081754684449,"orthographic":false}